{
	"Android_Samsaung": {
		"capabilities": {
			"platformName": "Android",
			"device": "ECAZFG385328",
			"app": "D:\\QATest\\Test.apk",
			"app_package": "com.electrolux.test",
			"activity": "com.electrolux.test",
			"version": "4.4.2",
			"appiumServer": "http://127.0.0.1:4745/wd/hub",
			"port": "4745",
			"deviceudid": "ECAZFG385328",
			"bundleid": "com.electrolux.test"
		}
	},
	"Android_REDME": {
	"capabilities": {
			"platformName": "Android",
			"device": "21f6013c1f384",
			"app": "D:\\QATest\\Test.apk",
			"app_package": "com.electrolux.test",
			"activity": "com.electrolux.test",
			"version": "6.0.1",
			"appiumServer": "http://127.0.0.1:4723/wd/hub",
			"port": "4723",
			"deviceudid": "21f6013c1f384",
			"bundleid": "com.electrolux.test"
		}
	},
	"IOS_iOSv": {
		"capabilities": {
			"platformName": "IOS",
			"device": "21f6013c1f384",
			"app": "c://samplefolder//test.apk",
			"app_package": "com.electrolux.test",
			"activity": "com.electrolux.test",
			"version": "6.0.1",
			"appiumServer": "http://127.0.0.1:4747/wd/hub",
			"port": "4747",
			"deviceudid": "21f6013c1f384",
			"bundleid": "com.electrolux.test"
		}
	}
}
